{
    "@metadata": {
        "authors": [
            "Azountas",
            "Espertus",
            "Evropi",
            "Namatreasure",
            "Sfyrakis"
        ]
    },
    "VARIABLES_DEFAULT_NAME": "αντικείμενο",
    "DUPLICATE_BLOCK": "Αντίγραφο",
    "ADD_COMMENT": "Πρόσθεσε Σχόλιο",
    "REMOVE_COMMENT": "Αφαίρεσε Το Σχόλιο",
    "EXTERNAL_INPUTS": "Εξωτερικές Είσοδοι",
    "INLINE_INPUTS": "Εσωτερικές Είσοδοι",
    "DELETE_BLOCK": "Διέγραψε Το Μπλοκ",
    "DELETE_X_BLOCKS": "Διέγραψε %1 Μπλοκ",
    "COLLAPSE_BLOCK": "Σύμπτυξε Το Μπλοκ",
    "COLLAPSE_ALL": "Σύμπτυξτε Όλα Τα Μπλοκ",
    "EXPAND_BLOCK": "Επέκτεινε Το Μπλοκ",
    "EXPAND_ALL": "Επέκτεινε Όλα Τα Μπλοκ",
    "DISABLE_BLOCK": "Απενεργοποίησε Το Μπλοκ",
    "ENABLE_BLOCK": "Ενεργοποίησε Το Μπλοκ",
    "HELP": "Βοήθεια",
    "CHAT": "Μπορείς να μιλήσεις με τον συνεργάτη σου πληκτρολογώντας σ'αυτό το πλαίσιο!",
    "AUTH": "Παρακαλώ κάνε έγκριση της εφαρμογής για να επιτρέπεται  η αποθήκευση και κοινοποίηση της εργασίας σου.",
    "CHANGE_VALUE_TITLE": "Άλλαξε την τιμή:",
    "NEW_VARIABLE": "Νέα μεταβλητή...",
    "NEW_VARIABLE_TITLE": "Νέο όνομα μεταβλητής:",
    "RENAME_VARIABLE": "Μετονόμασε τη μεταβλητή...",
    "RENAME_VARIABLE_TITLE": "Μετονόμασε όλες τις μεταβλητές «%1» σε:",
    "COLOUR_PICKER_HELPURL": "https://el.wikipedia.org/wiki/Χρώμα",
    "COLOUR_PICKER_TOOLTIP": "Επιτρέπει επιλογή χρώματος από την παλέτα.",
    "COLOUR_RANDOM_TITLE": "τυχαίο χρώμα",
    "COLOUR_RANDOM_TOOLTIP": "Επιλέγει χρώμα τυχαία.",
    "COLOUR_RGB_HELPURL": "http://www.december.com/html/spec/colorper.html",
    "COLOUR_RGB_TITLE": "χρώμα με",
    "COLOUR_RGB_RED": "κόκκινο",
    "COLOUR_RGB_GREEN": "πράσινο",
    "COLOUR_RGB_BLUE": "μπλε",
    "COLOUR_RGB_TOOLTIP": "Δημιουργεί χρώμα με το συγκεκριμένο ποσό του κόκκινου, πράσινου και μπλε που ορίζεις. Όλες οι τιμές πρέπει να είναι μεταξύ 0 και 100.",
    "COLOUR_BLEND_HELPURL": "http://meyerweb.com/eric/tools/color-blend/",
    "COLOUR_BLEND_TITLE": "μείγμα",
    "COLOUR_BLEND_COLOUR1": "χρώμα 1",
    "COLOUR_BLEND_COLOUR2": "χρώμα 2",
    "COLOUR_BLEND_RATIO": "αναλογία",
    "COLOUR_BLEND_TOOLTIP": "Συνδυάζει δύο χρώματα μαζί με μια δεδομένη αναλογία (0.0 - 1,0).",
    "CONTROLS_REPEAT_HELPURL": "https://en.wikipedia.org/wiki/For_loop",
    "CONTROLS_REPEAT_TITLE": "επανάλαβε %1 φορές",
    "CONTROLS_REPEAT_TITLE_REPEAT": "επανάλαβε",
    "CONTROLS_REPEAT_TITLE_TIMES": "φορές",
    "CONTROLS_REPEAT_INPUT_DO": "κάνε",
    "CONTROLS_REPEAT_TOOLTIP": "Εκτελεί κάποιες εντολές αρκετές φορές.",
    "CONTROLS_WHILEUNTIL_HELPURL": "http://code.google.com/p/blockly/wiki/Repeat ΕΠΑΝΑΛΑΒΕ",
    "CONTROLS_WHILEUNTIL_OPERATOR_WHILE": "επανάλαβε ενώ",
    "CONTROLS_WHILEUNTIL_OPERATOR_UNTIL": "επανάλαβε μέχρι",
    "CONTROLS_WHILEUNTIL_TOOLTIP_WHILE": "Ενόσω μια τιμή είναι αληθής, τότε εκτελεί κάποιες εντολές.",
    "CONTROLS_WHILEUNTIL_TOOLTIP_UNTIL": "Ενόσω μια τιμή είναι ψευδής, τότε εκτελεί κάποιες εντολές.",
    "CONTROLS_FOR_HELPURL": "Blockly",
    "CONTROLS_FOR_TOOLTIP": "Η μεταβλητή %1 παίρνει τιμές ξεκινώντας από τον αριθμό έναρξης μέχρι τον αριθμό τέλους αυξάνοντας κάθε φορά με το καθορισμένο βήμα και εκτελώντας το καθορισμένο μπλοκ.",
    "CONTROLS_FOR_INPUT_WITH": "μέτρησε με",
    "CONTROLS_FOR_INPUT_FROM_TO_BY": "από το %1 έως το %2 ανά %3",
    "CONTROLS_FOREACH_HELPURL": "https://code.Google.com/p/blockly/wiki/loops#for _each ΓΙΑ ΚΑΘΕ μπλοκ",
    "CONTROLS_FOREACH_INPUT_ITEM": "για κάθε στοιχείο",
    "CONTROLS_FOREACH_INPUT_INLIST": "στη λίστα",
    "CONTROLS_FOREACH_TOOLTIP": "Για κάθε στοιχείο σε μια λίστα, ορίζει τη μεταβλητή «%1» στο στοιχείο και, στη συνέχεια, εκτελεί κάποιες εντολές.",
    "CONTROLS_FLOW_STATEMENTS_OPERATOR_BREAK": "φεύγει από το μπλοκ επαναλήψεως",
    "CONTROLS_FLOW_STATEMENTS_OPERATOR_CONTINUE": "συνέχισε με την επόμενη επανάληψη του μπλοκ επαναλήψεως",
    "CONTROLS_FLOW_STATEMENTS_TOOLTIP_BREAK": "Ξεφεύγει (βγαίνει έξω) από την επανάληψη.",
    "CONTROLS_FLOW_STATEMENTS_TOOLTIP_CONTINUE": "Παραλείπει το υπόλοιπο τμήμα αυτού του μπλοκ επαναλήψεως, και συνεχίζει με την επόμενη επανάληψη.",
    "CONTROLS_FLOW_STATEMENTS_WARNING": "Προειδοποίηση: Αυτό το μπλοκ μπορεί να χρησιμοποιηθεί μόνο μέσα σε μια επανάληψη.",
    "CONTROLS_IF_HELPURL": "http://code.google.com/p/blockly/wiki/If_Then ΑΝ_ΤΟΤΕ",
    "CONTROLS_IF_TOOLTIP_1": "Αν μια τιμή είναι αληθής, τότε εκτελεί κάποιες εντολές.",
    "CONTROLS_IF_TOOLTIP_2": "Αν μια τιμή είναι αληθής, τότε εκτελεί το πρώτο τμήμα εντολών. Διαφορετικά, εκτελεί το δεύτερο τμήμα εντολών.",
    "CONTROLS_IF_TOOLTIP_3": "Αν η πρώτη τιμή είναι αληθής, τότε εκτελεί το πρώτο τμήμα εντολών. Διαφορετικά, αν η δεύτερη τιμή είναι αληθής, εκτελεί το δεύτερο μπλοκ εντολών.",
    "CONTROLS_IF_TOOLTIP_4": "Αν η πρώτη τιμή είναι αληθής, τότε εκτελεί το πρώτο τμήμα εντολών.  Διαφορετικά, αν η δεύτερη τιμή είναι αληθής, εκτελεί το δεύτερο τμήμα εντολών. Αν καμία από τις τιμές δεν είναι αληθής, εκτελεί το τελευταίο τμήμα εντολών.",
    "CONTROLS_IF_MSG_IF": "αν",
    "CONTROLS_IF_MSG_ELSEIF": "εναλλακτικά αν",
    "CONTROLS_IF_MSG_ELSE": "αλλιώς",
    "CONTROLS_IF_IF_TOOLTIP": "Προσθέτει, αφαιρεί ή αναδιατάσσει τα τμήματα για να αναδιαμορφώσει αυτό το μπλοκ «εάν».",
    "CONTROLS_IF_ELSEIF_TOOLTIP": "Πρόσθετει μια κατάσταση/συνθήκη στο μπλοκ «εάν».",
    "CONTROLS_IF_ELSE_TOOLTIP": "Προσθέτει μια τελική κατάσταση/συνθήκη, που πιάνει όλες τις άλλες περιπτώσεις, στο μπλοκ «εάν».",
    "LOGIC_COMPARE_HELPURL": "https://en.wikipedia.org/wiki/Inequality_(mathematics)",
    "LOGIC_COMPARE_TOOLTIP_EQ": "Επιστρέφει αληθής αν και οι δύο είσοδοι είναι ίσες μεταξύ τους.",
    "LOGIC_COMPARE_TOOLTIP_NEQ": "Επιστρέφει αληθής αν και οι δύο είσοδοι δεν είναι ίσες μεταξύ τους.",
    "LOGIC_COMPARE_TOOLTIP_LT": "Επιστρέφει αληθής αν η πρώτη είσοδος είναι μικρότερη από τη δεύτερη είσοδο.",
    "LOGIC_COMPARE_TOOLTIP_LTE": "Επιστρέφει αληθής αν η πρώτη είσοδος είναι μικρότερη από ή ίση με τη δεύτερη είσοδο.",
    "LOGIC_COMPARE_TOOLTIP_GT": "Επιστρέφει αληθής αν η πρώτη είσοδος είναι μεγαλύτερη από τη δεύτερη είσοδο.",
    "LOGIC_COMPARE_TOOLTIP_GTE": "Επιστρέφει αληθής αν η πρώτη είσοδος είναι μικρότερη ή ίση με τη δεύτερη είσοδο.",
    "LOGIC_OPERATION_HELPURL": "http://code.google.com/p/blockly/wiki/And_Or ΚΑΙ_Ή",
    "LOGIC_OPERATION_TOOLTIP_AND": "Επιστρέφει αληθής αν και οι δύο είσοδοι είναι αληθής.",
    "LOGIC_OPERATION_AND": "και",
    "LOGIC_OPERATION_TOOLTIP_OR": "Επιστρέφει αληθής αν τουλάχιστον μια από τις εισόδους είναι αληθής.",
    "LOGIC_OPERATION_OR": "ή",
    "LOGIC_NEGATE_HELPURL": "http://code.google.com/p/blockly/wiki/Not",
    "LOGIC_NEGATE_TITLE": "όχι %1",
    "LOGIC_NEGATE_TOOLTIP": "Επιστρέφει αληθής αν η είσοδος είναι ψευδής. Επιστρέφει ψευδής αν η είσοδος είναι αληθής.",
    "LOGIC_BOOLEAN_HELPURL": "http://code.google.com/p/blockly/wiki/True_False",
    "LOGIC_BOOLEAN_TRUE": "αληθής",
    "LOGIC_BOOLEAN_FALSE": "ψευδής",
    "LOGIC_BOOLEAN_TOOLTIP": "Επιστρέφει είτε αληθής είτε ψευδής.",
    "LOGIC_NULL_HELPURL": "https://en.wikipedia.org/wiki/Nullable_type",
    "LOGIC_NULL": "κενό",
    "LOGIC_NULL_TOOLTIP": "Επιστρέφει κενό.",
    "LOGIC_TERNARY_HELPURL": "https://en.wikipedia.org/wiki/%3F:",
    "LOGIC_TERNARY_CONDITION": "έλεγχος",
    "LOGIC_TERNARY_IF_TRUE": "αν είναι αληθής",
    "LOGIC_TERNARY_IF_FALSE": "αν είναι ψευδής",
    "LOGIC_TERNARY_TOOLTIP": "Ελέγχει την κατάσταση/συνθήκη στον «έλεγχο». Αν η κατάσταση/συνθήκη είναι αληθής, επιστρέφει την τιμή «αν αληθής», διαφορετικά επιστρέφει την τιμή «αν ψευδής».",
    "MATH_NUMBER_HELPURL": "https://el.wikipedia.org/wiki/Αριθμός",
    "MATH_NUMBER_TOOLTIP": "Ένας αριθμός.",
    "MATH_ADDITION_SYMBOL": "+",
    "MATH_SUBTRACTION_SYMBOL": "-",
    "MATH_DIVISION_SYMBOL": "÷",
    "MATH_MULTIPLICATION_SYMBOL": "×",
    "MATH_POWER_SYMBOL": "^ ύψωση σε δύναμη",
    "MATH_TRIG_SIN": "ημ",
    "MATH_TRIG_COS": "συν",
    "MATH_TRIG_TAN": "εφ",
    "MATH_TRIG_ASIN": "asin",
    "MATH_TRIG_ACOS": "acos",
    "MATH_TRIG_ATAN": "atan",
    "MATH_ARITHMETIC_HELPURL": "https://el.wikipedia.org/wiki/Αριθμητική",
    "MATH_ARITHMETIC_TOOLTIP_ADD": "Επιστρέφει το άθροισμα των δύο αριθμών.",
    "MATH_ARITHMETIC_TOOLTIP_MINUS": "Επιστρέφει τη διαφορά των δύο αριθμών.",
    "MATH_ARITHMETIC_TOOLTIP_MULTIPLY": "Επιστρέφει το προϊόν των δύο αριθμών.",
    "MATH_ARITHMETIC_TOOLTIP_DIVIDE": "Επιστρέφει το πηλίκο των δύο αριθμών.",
    "MATH_ARITHMETIC_TOOLTIP_POWER": "Επιστρέφει τον πρώτο αριθμό υψωμένο στη δύναμη του δεύτερου αριθμού.",
    "MATH_SINGLE_HELPURL": "https://el.wikipedia.org/wiki/Τετραγωνική_ρίζα",
    "MATH_SINGLE_OP_ROOT": "τετραγωνική ρίζα",
    "MATH_SINGLE_TOOLTIP_ROOT": "Επιστρέφει την τετραγωνική ρίζα ενός αριθμού.",
    "MATH_SINGLE_OP_ABSOLUTE": "απόλυτη",
    "MATH_SINGLE_TOOLTIP_ABS": "Επιστρέφει την απόλυτη τιμή ενός αριθμού.",
    "MATH_SINGLE_TOOLTIP_NEG": "Επιστρέφει την άρνηση ενός αριθμού.",
    "MATH_SINGLE_TOOLTIP_LN": "Επιστρέφει τον νεπέρειο λογάριθμο ενός αριθμού.",
    "MATH_SINGLE_TOOLTIP_LOG10": "Επιστρέφει τον λογάριθμο με βάση το 10 ενός αριθμού.",
    "MATH_SINGLE_TOOLTIP_EXP": "Επιστρέφει το e υψωμένο στη δύναμη ενός αριθμού.",
    "MATH_SINGLE_TOOLTIP_POW10": "Επιστρέφει το 10 υψωμένο στη δύναμη ενός αριθμού.",
    "MATH_TRIG_HELPURL": "https://el.wikipedia.org/wiki/Τριγωνομετρική_συνάρτηση",
    "MATH_TRIG_TOOLTIP_SIN": "Επιστρέφει το ημίτονο ενός βαθμού (όχι ακτινίου).",
    "MATH_TRIG_TOOLTIP_COS": "Επιστρέφει το συνημίτονο ενός βαθμού (όχι ακτινίου).",
    "MATH_TRIG_TOOLTIP_TAN": "Επιστρέφει την εφαπτομένη ενός βαθμού (όχι ακτινίου).",
    "MATH_TRIG_TOOLTIP_ASIN": "Επιστρέφει το τόξο ημίτονου ενός αριθμού.",
    "MATH_TRIG_TOOLTIP_ACOS": "Επιστρέφει το τόξο συνημίτονου ενός αριθμού.",
    "MATH_TRIG_TOOLTIP_ATAN": "Επιστρέφει το τόξο εφαπτομένης ενός αριθμού.",
    "MATH_CONSTANT_HELPURL": "https://en.wikipedia.org/wiki/Mathematical_constant",
    "MATH_CONSTANT_TOOLTIP": "Επιστρέφει μία από τις κοινές σταθερές: π (3.141...), e (2.718...), φ (1.618...), sqrt(2) (1.414...), sqrt(½) (0.707...), ή ∞ (άπειρο).",
    "MATH_IS_EVEN": "είναι άρτιος",
    "MATH_IS_ODD": "είναι περιττός",
    "MATH_IS_PRIME": "είναι πρώτος",
    "MATH_IS_WHOLE": "είναι ακέραιος",
    "MATH_IS_POSITIVE": "είναι θετικός",
    "MATH_IS_NEGATIVE": "είναι αρνητικός",
    "MATH_IS_DIVISIBLE_BY": "είναι διαιρετός από το",
    "MATH_IS_TOOLTIP": "Ελέγχει αν ένας αριθμός είναι άρτιος, περιττός, πρώτος, ακέραιος, θετικός, αρνητικός, ή αν είναι διαιρετός από έναν ορισμένο αριθμό. Επιστρέφει αληθής ή ψευδής.",
    "MATH_CHANGE_HELPURL": "https://el.wikipedia.org/wiki/%CE%A0%CF%81%CF%8C%CF%83%CE%B8%CE%B5%CF%83%CE%B7",
    "MATH_CHANGE_TITLE_CHANGE": "άλλαξε",
    "MATH_CHANGE_INPUT_BY": "από",
    "MATH_CHANGE_TOOLTIP": "Προσθέτει έναν αριθμό στη μεταβλητή «%1».",
    "MATH_ROUND_HELPURL": "https://en.wikipedia.org/wiki/Rounding",
    "MATH_ROUND_TOOLTIP": "Στρογγυλοποιεί έναν αριθμό προς τα πάνω ή προς τα κάτω.",
    "MATH_ROUND_OPERATOR_ROUND": "στρογγυλοποίησε",
    "MATH_ROUND_OPERATOR_ROUNDUP": "στρογγυλοποίησε προς τα πάνω",
    "MATH_ROUND_OPERATOR_ROUNDDOWN": "στρογγυλοποίησε προς τα κάτω",
    "MATH_ONLIST_OPERATOR_SUM": "άθροισμα λίστας",
    "MATH_ONLIST_TOOLTIP_SUM": "Επιστρέφει το άθροισμα όλων των αριθμών στη λίστα.",
    "MATH_ONLIST_OPERATOR_MIN": "μικρότερος λίστας",
    "MATH_ONLIST_TOOLTIP_MIN": "Επιστρέφει τον μικρότερο αριθμό στη λίστα.",
    "MATH_ONLIST_OPERATOR_MAX": "μεγαλύτερος λίστας",
    "MATH_ONLIST_TOOLTIP_MAX": "Επιστρέφει τον μεγαλύτερο αριθμό στη λίστα.",
    "MATH_ONLIST_OPERATOR_AVERAGE": "μέσος όρος λίστας",
    "MATH_ONLIST_TOOLTIP_AVERAGE": "Επιστρέφει τον αριθμητικό μέσο όρο από τις αριθμητικές τιμές στη λίστα.",
    "MATH_ONLIST_OPERATOR_MEDIAN": "διάμεσος λίστας",
    "MATH_ONLIST_TOOLTIP_MEDIAN": "Επιστρέφει τον διάμεσο της λίστας.",
    "MATH_ONLIST_OPERATOR_MODE": "μορφές λίστας",
    "MATH_ONLIST_TOOLTIP_MODE": "Επιστρέφει μια λίστα με τα πιο κοινά στοιχεία στη λίστα.",
    "MATH_ONLIST_OPERATOR_STD_DEV": "τυπική απόκλιση λίστας",
    "MATH_ONLIST_TOOLTIP_STD_DEV": "Επιστρέφει την τυπική απόκλιση της λίστας.",
    "MATH_ONLIST_OPERATOR_RANDOM": "τυχαίο στοιχείο λίστας",
    "MATH_ONLIST_TOOLTIP_RANDOM": "Επιστρέφει ένα τυχαίο στοιχείο από τη λίστα.",
    "MATH_MODULO_HELPURL": "https://en.wikipedia.org/wiki/Modulo_operation",
    "MATH_MODULO_TITLE": "υπόλοιπο της %1 ÷ %2",
    "MATH_MODULO_TOOLTIP": "Επιστρέφει το υπόλοιπο της διαίρεσης των δύο αριθμών.",
    "MATH_CONSTRAIN_HELPURL": "https://en.wikipedia.org/wiki/Clamping_%28graphics%29 ΓΡΑΦΙΚΑ",
    "MATH_CONSTRAIN_TITLE": "περιόρισε %1 χαμηλή %2 υψηλή %3",
    "MATH_CONSTRAIN_TOOLTIP": "Περιορίζει έναν αριθμό μεταξύ των προβλεπόμενων ορίων (χωρίς αποκλεισμούς).",
    "MATH_RANDOM_INT_HELPURL": "https://en.wikipedia.org/wiki/Random_number_generation",
    "MATH_RANDOM_INT_TITLE": "τυχαίος ακέραιος από το %1 έως το %2",
    "MATH_RANDOM_INT_TOOLTIP": "Επιστρέφει έναν τυχαίο ακέραιο αριθμό μεταξύ δύο συγκεκριμένων ορίων (εντός - συμπεριλαμβανομένων και των ακραίων τιμών).",
    "MATH_RANDOM_FLOAT_HELPURL": "https://en.wikipedia.org/wiki/Random_number_generation",
    "MATH_RANDOM_FLOAT_TITLE_RANDOM": "τυχαίο κλάσμα",
    "MATH_RANDOM_FLOAT_TOOLTIP": "Επιστρέψει ένα τυχαία κλάσμα μεταξύ 0,0 (κλειστό) και 1,0 (ανοικτό).",
    "TEXT_TEXT_HELPURL": "https://el.wikipedia.org/wiki/Συμβολοσειρά",
    "TEXT_TEXT_TOOLTIP": "Ένα γράμμα, μια λέξη ή μια γραμμή κειμένου.",
    "TEXT_JOIN_HELPURL": "https://code.google.com/p/blockly/wiki/Text#Text_creation",
    "TEXT_JOIN_TITLE_CREATEWITH": "δημιούργησε κείμενο με",
    "TEXT_JOIN_TOOLTIP": "Δημιουργεί ένα κομμάτι κειμένου ενώνοντας έναν  απεριόριστο αριθμό αντικειμένων.",
    "TEXT_CREATE_JOIN_TITLE_JOIN": "ένωσε",
    "TEXT_CREATE_JOIN_TOOLTIP": "Προσθέτει, αφαιρεί ή αναδιατάσσει τους τομείς για να αναδιαμορφώσει αυτό το μπλοκ κειμένου.",
    "TEXT_CREATE_JOIN_ITEM_TOOLTIP": "Προσθέτει ένα στοιχείο στο κείμενο.",
    "TEXT_APPEND_HELPURL": "https://code.google.com/p/blockly/wiki/Text#Text_modification ΑΛΛΑΓΗ_ΚΕΙΜΕΝΟΥ",
    "TEXT_APPEND_TO": "έως",
    "TEXT_APPEND_APPENDTEXT": "ανάθεσε κείμενο",
    "TEXT_APPEND_TOOLTIP": "Αναθέτει κείμενο στη μεταβλητή «%1».",
    "TEXT_LENGTH_HELPURL": "https://code.google.com/p/blockly/wiki/Text#Text_modification ΑΛΛΑΓΗ_ΚΕΙΜΕΝΟΥ",
    "TEXT_LENGTH_TITLE": "το μήκος του %1",
    "TEXT_LENGTH_TOOLTIP": "Επιστρέφει το πλήθος των γραμμάτων (συμπεριλαμβανομένων και των κενών διαστημάτων) στο παρεχόμενο κείμενο.",
    "TEXT_ISEMPTY_HELPURL": "https://code.google.com/p/blockly/wiki/Text#Checking_for_empty_text",
    "TEXT_ISEMPTY_TITLE": "το %1 είναι κενό",
    "TEXT_ISEMPTY_TOOLTIP": "Επιστρέφει αληθής αν το παρεχόμενο κείμενο είναι κενό.",
    "TEXT_INDEXOF_HELPURL": "https://code.google.com/p/blockly/wiki/Text#Finding_text ΕΥΡΕΣΗ ΚΕΙΜΕΝΟΥ",
    "TEXT_INDEXOF_TOOLTIP": "Επιστρέφει τον δείκτη της πρώτης/τελευταίας εμφάνισης του πρώτου κειμένου στο δεύτερο κείμενο.  Επιστρέφει τιμή 0, αν δε βρει το κείμενο.",
    "TEXT_INDEXOF_INPUT_INTEXT": "στο κείμενο",
    "TEXT_INDEXOF_OPERATOR_FIRST": "βρες την πρώτη εμφάνιση του κειμένου",
    "TEXT_INDEXOF_OPERATOR_LAST": "βρες την τελευταία εμφάνιση του κειμένου",
    "TEXT_CHARAT_HELPURL": "https://code.google.com/p/blockly/wiki/Text#Extracting_text",
    "TEXT_CHARAT_INPUT_INTEXT": "στο κείμενο",
    "TEXT_CHARAT_FROM_START": "πάρε το γράμμα #",
    "TEXT_CHARAT_FROM_END": "πάρε το γράμμα # από το τέλος",
    "TEXT_CHARAT_FIRST": "πάρε το πρώτο γράμμα",
    "TEXT_CHARAT_LAST": "πάρε το τελευταίο γράμμα",
    "TEXT_CHARAT_RANDOM": "πάρε τυχαίο γράμμα",
    "TEXT_CHARAT_TOOLTIP": "Επιστρέφει το γράμμα στην καθορισμένη θέση.",
    "TEXT_GET_SUBSTRING_TOOLTIP": "Επιστρέφει ένα συγκεκριμένο τμήμα του κειμένου.",
    "TEXT_GET_SUBSTRING_HELPURL": "http://code.google.com/p/blockly/wiki/Text#Extracting_a_region_of_text",
    "TEXT_GET_SUBSTRING_INPUT_IN_TEXT": "στο κείμενο",
    "TEXT_GET_SUBSTRING_START_FROM_START": "πάρε τη δευτερεύουσα συμβολοσειρά από το # γράμμα",
    "TEXT_GET_SUBSTRING_START_FROM_END": "πάρε τη δευτερεύουσα συμβολοσειρά από το # γράμμα από το τέλος",
    "TEXT_GET_SUBSTRING_START_FIRST": "πάρε τη δευτερεύουσα συμβολοσειρά από το πρώτο γράμμα",
    "TEXT_GET_SUBSTRING_END_FROM_START": "μέχρι το # γράμμα",
    "TEXT_GET_SUBSTRING_END_FROM_END": "μέχρι το # γράμμα από το τέλος",
    "TEXT_GET_SUBSTRING_END_LAST": "μέχρι το τελευταίο γράμμα",
    "TEXT_CHANGECASE_HELPURL": "https://code.google.com/p/blockly/wiki/Text#Adjusting_text_case",
    "TEXT_CHANGECASE_TOOLTIP": "Επιστρέφει ένα αντίγραφο του κειμένου σε διαφορετική μορφή γραμμάτων.",
    "TEXT_CHANGECASE_OPERATOR_UPPERCASE": "σε ΚΕΦΑΛΑΙΑ",
    "TEXT_CHANGECASE_OPERATOR_LOWERCASE": "σε πεζά",
    "TEXT_CHANGECASE_OPERATOR_TITLECASE": "σε Λέξεις Με Πρώτα Κεφαλαία",
    "TEXT_TRIM_HELPURL": "https://code.google.com/p/blockly/wiki/Text#Trimming_%28removing%29_spaces",
    "TEXT_TRIM_TOOLTIP": "Επιστρέφει ένα αντίγραφο του κειμένου με αφαιρεμένα τα κενά από το ένα ή και τα δύο άκρα.",
    "TEXT_TRIM_OPERATOR_BOTH": "περίκοψε τα κενά και από τις δυο πλευρές του",
    "TEXT_TRIM_OPERATOR_LEFT": "περίκοψε τα κενά από την αριστερή πλευρά του",
    "TEXT_TRIM_OPERATOR_RIGHT": "περίκοψε τα κενά από την δεξιά πλευρά του",
    "TEXT_PRINT_HELPURL": "https://code.google.com/p/blockly/wiki/Text#Printing_text ΕΜΦΑΝΙΣΗ_ΚΕΙΜΕΝΟΥ",
    "TEXT_PRINT_TITLE": "εκτύπωσε %1",
    "TEXT_PRINT_TOOLTIP": "Εκτυπώνει το καθορισμένο κείμενο, αριθμό ή άλλη τιμή.",
    "TEXT_PROMPT_HELPURL": "https://code.google.com/p/blockly/wiki/Text#Getting_input_from_the_user ΕΙΣΑΓΩΓΗ_ΔΕΔΟΜΕΝΩΝ_ΑΠΟ_ΤΟΝ_ΧΡΗΣΤΗ",
    "TEXT_PROMPT_TYPE_TEXT": "πρότρεψε με μήνυμα για να δοθεί κείμενο",
    "TEXT_PROMPT_TYPE_NUMBER": "πρότρεψε με μήνυμα για να δοθεί αριθμός",
    "TEXT_PROMPT_TOOLTIP_NUMBER": "Δημιουργεί προτροπή για τον χρήστη για να δώσει ένα αριθμό.",
    "TEXT_PROMPT_TOOLTIP_TEXT": "Δημιουργεί προτροπή για το χρήστη για να δώσει κάποιο κείμενο.",
    "LISTS_CREATE_EMPTY_HELPURL": "λίστα",
    "LISTS_CREATE_EMPTY_TITLE": "δημιούργησε κενή λίστα",
    "LISTS_CREATE_EMPTY_TOOLTIP": "Επιστρέφει μια λίστα, με μήκος 0, η οποία δεν περιέχει εγγραφές δεδομένων",
    "LISTS_CREATE_WITH_TOOLTIP": "Δημιουργεί λίστα με οποιονδήποτε αριθμό αντικειμένων.",
    "LISTS_CREATE_WITH_INPUT_WITH": "δημιούργησε λίστα με",
    "LISTS_CREATE_WITH_CONTAINER_TITLE_ADD": "λίστα",
    "LISTS_CREATE_WITH_CONTAINER_TOOLTIP": "Προσθέτει, αφαιρεί ή αναδιατάσσει τα τμήματα για να αναδιαμορφώσει αυτό το μπλοκ λίστας.",
    "LISTS_CREATE_WITH_ITEM_TOOLTIP": "Προσθέτει αντικείμενο στη λίστα.",
    "LISTS_REPEAT_HELPURL": "Blockly",
    "LISTS_REPEAT_TOOLTIP": "Δημιουργεί μια λίστα που αποτελείται από την δεδομένη τιμή που επαναλαμβάνεται για συγκεκριμένο αριθμό επαναλήψεων.",
    "LISTS_REPEAT_TITLE": "δημιούργησε λίστα με το στοιχείο %1 να επαναλαμβάνεται %2 φορές",
    "LISTS_LENGTH_HELPURL": "Blockly",
    "LISTS_LENGTH_TITLE": "το μήκος του %1",
    "LISTS_LENGTH_TOOLTIP": "Επιστρέφει το μήκος μιας λίστας.",
    "LISTS_IS_EMPTY_HELPURL": "https://code.google.com/p/blockly/wiki/Lists#is_empty ΕΙΝΑΙ_ΑΔΕΙΑ",
    "LISTS_IS_EMPTY_TITLE": "το %1 είναι κενό",
    "LISTS_TOOLTIP": "Επιστρέφει αληθής αν η λίστα είναι κενή.",
    "LISTS_INLIST": "στη λίστα",
    "LISTS_INDEX_OF_HELPURL": "Blockly",
    "LISTS_INDEX_OF_FIRST": "βρες την πρώτη εμφάνιση του στοιχείου",
    "LISTS_INDEX_OF_LAST": "βρες την τελευταία εμφάνιση του στοιχείου",
    "LISTS_INDEX_OF_TOOLTIP": "Επιστρέφει τον δείκτη της πρώτης/τελευταίας εμφάνισης του στοιχείου στη λίστα.  Επιστρέφει τιμή 0, αν το κείμενο δεν βρεθεί.",
    "LISTS_GET_INDEX_GET": "πάρε",
    "LISTS_GET_INDEX_GET_REMOVE": "πάρε και αφαίρεσε",
    "LISTS_GET_INDEX_REMOVE": "αφαίρεσε",
    "LISTS_GET_INDEX_FROM_START": "#",
    "LISTS_GET_INDEX_FROM_END": "# από το τέλος",
    "LISTS_GET_INDEX_FIRST": "πρώτο",
    "LISTS_GET_INDEX_LAST": "τελευταίο",
    "LISTS_GET_INDEX_RANDOM": "τυχαίο",
    "LISTS_GET_INDEX_TOOLTIP_GET_FROM_START": "Επιστρέφει το στοιχείο στην καθορισμένη θέση σε μια λίστα. Το #1 είναι το πρώτο στοιχείο.",
    "LISTS_GET_INDEX_TOOLTIP_GET_FROM_END": "Επιστρέφει το στοιχείο στην καθορισμένη θέση σε μια λίστα. Το #1 είναι το τελευταίο στοιχείο.",
    "LISTS_GET_INDEX_TOOLTIP_GET_FIRST": "Επιστρέφει το πρώτο στοιχείο σε μια λίστα.",
    "LISTS_GET_INDEX_TOOLTIP_GET_LAST": "Επιστρέφει το τελευταίο στοιχείο σε μια λίστα.",
    "LISTS_GET_INDEX_TOOLTIP_GET_RANDOM": "Επιστρέφει ένα τυχαίο στοιχείο σε μια λίστα.",
    "LISTS_GET_INDEX_TOOLTIP_GET_REMOVE_FROM_START": "Καταργεί και επιστρέφει το στοιχείο στην καθορισμένη θέση σε μια λίστα. Το #1 είναι το πρώτο στοιχείο.",
    "LISTS_GET_INDEX_TOOLTIP_GET_REMOVE_FROM_END": "Καταργεί και επιστρέφει το στοιχείο στην καθορισμένη θέση σε μια λίστα. Το #1 είναι το τελευταίο στοιχείο.",
    "LISTS_GET_INDEX_TOOLTIP_GET_REMOVE_FIRST": "Καταργεί και επιστρέφει το πρώτο στοιχείο σε μια λίστα.",
    "LISTS_GET_INDEX_TOOLTIP_GET_REMOVE_LAST": "Καταργεί και επιστρέφει το τελευταίο στοιχείο σε μια λίστα.",
    "LISTS_GET_INDEX_TOOLTIP_GET_REMOVE_RANDOM": "Καταργεί και επιστρέφει ένα τυχαίο στοιχείο σε μια λίστα.",
    "LISTS_GET_INDEX_TOOLTIP_REMOVE_FROM_START": "Καταργεί το στοιχείο στην καθορισμένη θέση σε μια λίστα. Το #1 είναι το πρώτο στοιχείο.",
    "LISTS_GET_INDEX_TOOLTIP_REMOVE_FROM_END": "Καταργεί το στοιχείο στην καθορισμένη θέση σε μια λίστα. Το #1 είναι το τελευταίο στοιχείο.",
    "LISTS_GET_INDEX_TOOLTIP_REMOVE_FIRST": "Καταργεί το πρώτο στοιχείο σε μια λίστα.",
    "LISTS_GET_INDEX_TOOLTIP_REMOVE_LAST": "Καταργεί το τελευταίο στοιχείο σε μια λίστα.",
    "LISTS_GET_INDEX_TOOLTIP_REMOVE_RANDOM": "Καταργεί ένα τυχαίο στοιχείο σε μια λίστα.",
    "LISTS_SET_INDEX_HELPURL": "https://code.google.com/p/blockly/wiki/Lists#in_list_..._set",
    "LISTS_SET_INDEX_SET": "όρισε",
    "LISTS_SET_INDEX_INSERT": "είσαγε στο",
    "LISTS_SET_INDEX_INPUT_TO": "σε",
    "LISTS_SET_INDEX_TOOLTIP_SET_FROM_START": "Ορίζει το στοιχείο στην καθορισμένη θέση σε μια λίστα. Το #1 είναι το πρώτο στοιχείο.",
    "LISTS_SET_INDEX_TOOLTIP_SET_FROM_END": "Ορίζει το στοιχείο στην καθορισμένη θέση σε μια λίστα. Το #1 είναι το τελευταίο στοιχείο.",
    "LISTS_SET_INDEX_TOOLTIP_SET_FIRST": "Ορίζει το πρώτο στοιχείο σε μια λίστα.",
    "LISTS_SET_INDEX_TOOLTIP_SET_LAST": "Ορίζει το τελευταίο στοιχείο σε μια λίστα.",
    "LISTS_SET_INDEX_TOOLTIP_SET_RANDOM": "Ορίζει ένα τυχαίο στοιχείο σε μια λίστα.",
    "LISTS_SET_INDEX_TOOLTIP_INSERT_FROM_START": "Εισάγει το στοιχείο στην καθορισμένη θέση σε μια λίστα. Το #1 είναι το πρώτο στοιχείο.",
    "LISTS_SET_INDEX_TOOLTIP_INSERT_FROM_END": "Εισάγει το στοιχείο σε συγκεκριμένη θέση σε μια λίστα. Το #1 είναι το τελευταίο στοιχείο.",
    "LISTS_SET_INDEX_TOOLTIP_INSERT_FIRST": "Εισάγει το στοιχείο στην αρχή μιας λίστας.",
    "LISTS_SET_INDEX_TOOLTIP_INSERT_LAST": "Αναθέτει το στοιχείο στο τέλος μιας λίστας.",
    "LISTS_SET_INDEX_TOOLTIP_INSERT_RANDOM": "Εισάγει το στοιχείο τυχαία σε μια λίστα.",
    "LISTS_GET_SUBLIST_HELPURL": "Blockly",
    "LISTS_GET_SUBLIST_START_FROM_START": "πάρε υπολίστα από #",
    "LISTS_GET_SUBLIST_START_FROM_END": "πάρε υπολίστα από # από το τέλος",
    "LISTS_GET_SUBLIST_START_FIRST": "πάρε υπολίστα από την αρχή",
    "LISTS_GET_SUBLIST_END_FROM_START": "έως #",
    "LISTS_GET_SUBLIST_END_FROM_END": "έως # από το τέλος",
    "LISTS_GET_SUBLIST_END_LAST": "έως το τελευταίο",
    "LISTS_GET_SUBLIST_TOOLTIP": "Δημιουργεί ένα αντίγραφο του καθορισμένου τμήματος μιας λίστας.",
    "VARIABLES_GET_HELPURL": "http://code.google.com/p/blockly/wiki/Variables#Get",
    "VARIABLES_GET_TOOLTIP": "Επιστρέφει την τιμή αυτής της μεταβλητής.",
    "VARIABLES_GET_CREATE_SET": "Δημιούργησε «όρισε %1»",
    "VARIABLES_SET_HELPURL": "http://code.google.com/p/blockly/wiki/Variables#Set ΟΡΙΣΜΟΣ ΜΕΤΑΒΛΗΤΩΝ",
    "VARIABLES_SET_TITLE": "όρισε",
    "VARIABLES_SET_TAIL": "μέχρι το",
    "VARIABLES_SET_TOOLTIP": "Ορίζει αυτή τη μεταβλητή να είναι ίση με την είσοδο.",
    "VARIABLES_SET_CREATE_GET": "Δημιούργησε «πάρε %1»",
    "PROCEDURES_DEFNORETURN_HELPURL": "https://en.wikipedia.org/wiki/Procedure_%28computer_science%29",
    "PROCEDURES_DEFNORETURN_TITLE": "στο",
    "PROCEDURES_DEFNORETURN_PROCEDURE": "κάνε κάτι",
    "PROCEDURES_BEFORE_PARAMS": "με:",
    "PROCEDURES_DEFNORETURN_TOOLTIP": "Δημιουργεί μια συνάρτηση χωρίς έξοδο.",
    "PROCEDURES_DEFRETURN_HELPURL": "https://en.wikipedia.org/wiki/Procedure_%28computer_science%29",
    "PROCEDURES_DEFRETURN_RETURN": "επέστρεψε",
    "PROCEDURES_DEFRETURN_TOOLTIP": "Δημιουργεί μια συνάρτηση με μια έξοδο.",
    "PROCEDURES_DEF_DUPLICATE_WARNING": "Προειδοποίηση: Αυτή η συνάρτηση έχει διπλότυπες παραμέτρους.",
    "PROCEDURES_CALLNORETURN_HELPURL": "https://el.wikipedia.org/wiki/Διαδικασία_(υπολογιστές)",
    "PROCEDURES_CALLNORETURN_TOOLTIP": "Εκτελεί την ορισμένη από τον χρήστη συνάρτηση «%1».",
    "PROCEDURES_CALLRETURN_HELPURL": "https://el.wikipedia.org/wiki/Διαδικασία_(υπολογιστές)",
    "PROCEDURES_CALLRETURN_TOOLTIP": "Εκτελεί την ορισμένη από τον χρήστη συνάρτηση «%1» και χρησιμοποίησε την έξοδό της.",
    "PROCEDURES_MUTATORCONTAINER_TITLE": "είσοδοι",
    "PROCEDURES_MUTATORCONTAINER_TOOLTIP": "Προσθέτει, αφαιρεί ή αναδιατάσσει εισόδους σε αυτήν τη λειτουργία",
    "PROCEDURES_MUTATORARG_TITLE": "όνομα εισόδου:",
    "PROCEDURES_MUTATORARG_TOOLTIP": "Πρόσθεσε μια είσοδος στη συνάρτηση",
    "PROCEDURES_HIGHLIGHT_DEF": "Επισημάνετε τον ορισμό συνάρτησης",
    "PROCEDURES_CREATE_DO": "Δημιούργησε «%1»",
    "PROCEDURES_IFRETURN_TOOLTIP": "Αν μια τιμή είναι αληθής, τότε επιστρέφει τη δεύτερη τιμή.",
    "PROCEDURES_IFRETURN_WARNING": "Προειδοποίηση: Αυτό το μπλοκ μπορεί να χρησιμοποιηθεί μόνο στον ορισμό μιας συνάρτησης."
}
