{
    "@metadata": {
        "authors": [
            "Espertus",
            "MS",
            "Okras"
        ]
    },
    "VARIABLES_DEFAULT_NAME": "элемент",
    "DUPLICATE_BLOCK": "Скопировать",
    "ADD_COMMENT": "Добавить комментарий",
    "REMOVE_COMMENT": "Удалить комментарий",
    "EXTERNAL_INPUTS": "Вставки снаружи",
    "INLINE_INPUTS": "Вставки внутри",
    "DELETE_BLOCK": "Удалить блок",
    "DELETE_X_BLOCKS": "Удалить %1 блоков",
    "COLLAPSE_BLOCK": "Свернуть блок",
    "COLLAPSE_ALL": "Свернуть блоки",
    "EXPAND_BLOCK": "Развернуть блок",
    "EXPAND_ALL": "Развернуть блоки",
    "DISABLE_BLOCK": "Отключить блок",
    "ENABLE_BLOCK": "Включить блок",
    "HELP": "Справка",
    "CHAT": "Общайтесь со своим коллегой, печатая в этом поле!",
    "AUTH": "Пожалуйста, авторизуйте это приложение, чтоб можно было сохранять вашу работу и чтобы дать возможность вам делиться ей.",
    "CHANGE_VALUE_TITLE": "Измените значение:",
    "NEW_VARIABLE": "Новая переменная…",
    "NEW_VARIABLE_TITLE": "Имя новой переменной:",
    "RENAME_VARIABLE": "Переименовать переменную…",
    "RENAME_VARIABLE_TITLE": "Переименовать все переменные '%1' в:",
    "COLOUR_PICKER_HELPURL": "https://ru.wikipedia.org/wiki/Цвет",
    "COLOUR_PICKER_TOOLTIP": "Выберите цвет из палитры.",
    "COLOUR_RANDOM_TITLE": "случайный цвет",
    "COLOUR_RANDOM_TOOLTIP": "Выбирает цвет случайным образом.",
    "COLOUR_RGB_TITLE": "цвет из",
    "COLOUR_RGB_RED": "красного",
    "COLOUR_RGB_GREEN": "зелёного",
    "COLOUR_RGB_BLUE": "синего",
    "COLOUR_RGB_TOOLTIP": "Создаёт цвет с указанной пропорцией  красного, зеленого и синего.  Все значения должны быть между 0 и 100.",
    "COLOUR_BLEND_TITLE": "смешать",
    "COLOUR_BLEND_COLOUR1": "цвет 1",
    "COLOUR_BLEND_COLOUR2": "цвет 2",
    "COLOUR_BLEND_RATIO": "доля цвета 1",
    "COLOUR_BLEND_TOOLTIP": "Смешивает два цвета в заданном соотношении (0.0 - 1.0).",
    "CONTROLS_REPEAT_HELPURL": "https://ru.wikipedia.org/wiki/Цикл_(программирование)",
    "CONTROLS_REPEAT_TITLE": "повторить %1 раз",
    "CONTROLS_REPEAT_TITLE_REPEAT": "повторить",
    "CONTROLS_REPEAT_TITLE_TIMES": "раз",
    "CONTROLS_REPEAT_INPUT_DO": "выполнить",
    "CONTROLS_REPEAT_TOOLTIP": "Выполняет команды несколько раз.",
    "CONTROLS_WHILEUNTIL_OPERATOR_WHILE": "повторять, пока",
    "CONTROLS_WHILEUNTIL_OPERATOR_UNTIL": "повторять, пока не",
    "CONTROLS_WHILEUNTIL_TOOLTIP_WHILE": "Пока значение истинно, выполняет команды.",
    "CONTROLS_WHILEUNTIL_TOOLTIP_UNTIL": "Пока значение ложно, выполняет команды",
    "CONTROLS_FOR_TOOLTIP": "Присваивает переменной %1 значения от начального до конечного с заданным шагом и выполняет указанные команды.",
    "CONTROLS_FOR_INPUT_WITH": "цикл по",
    "CONTROLS_FOR_INPUT_FROM_TO_BY": "от %1 до %2 с шагом %3",
    "CONTROLS_FOREACH_INPUT_ITEM": "для каждого элемента",
    "CONTROLS_FOREACH_INPUT_INLIST": "в списке",
    "CONTROLS_FOREACH_TOOLTIP": "Для каждого элемента в списке, присваивает переменной '%1' значение элемента  и выполняет указанные  команды.",
    "CONTROLS_FLOW_STATEMENTS_OPERATOR_BREAK": "выйти из цикла",
    "CONTROLS_FLOW_STATEMENTS_OPERATOR_CONTINUE": "перейти к следующему шагу цикла",
    "CONTROLS_FLOW_STATEMENTS_TOOLTIP_BREAK": "Прерывает этот цикл.",
    "CONTROLS_FLOW_STATEMENTS_TOOLTIP_CONTINUE": "Пропускает остаток цикла и переходит к следующему шагу.",
    "CONTROLS_FLOW_STATEMENTS_WARNING": "Предупреждение: этот блок может использоваться только внутри цикла.",
    "CONTROLS_IF_TOOLTIP_1": "Если условие истинно, выполняет команды.",
    "CONTROLS_IF_TOOLTIP_2": "Если условие истинно, выполняет первый блок команд. Иначе выполняется второй блок команд.",
    "CONTROLS_IF_TOOLTIP_3": "Если первое условие истинно, то выполняет первый блок команд. Иначе, если второе условие истинно, выполняет второй блок команд.",
    "CONTROLS_IF_TOOLTIP_4": "Если первое условие истинно, то выполняет первый блок команд.  В противном случае, если второе условие истинно, выполняет второй блок команд.  Если ни одно из условий не истинно, выполняет последний блок команд.",
    "CONTROLS_IF_MSG_IF": "если",
    "CONTROLS_IF_MSG_ELSEIF": "иначе если",
    "CONTROLS_IF_MSG_ELSE": "иначе",
    "CONTROLS_IF_IF_TOOLTIP": "Добавьте, удалите, переставьте фрагменты для переделки блока \"если\".",
    "CONTROLS_IF_ELSEIF_TOOLTIP": "Добавляет условие к блоку \"если\"",
    "CONTROLS_IF_ELSE_TOOLTIP": "Добавить заключительный подблок для случая, когда все условия ложны.",
    "LOGIC_COMPARE_HELPURL": "https://en.wikipedia.org/wiki/Inequality_(mathematics)",
    "LOGIC_COMPARE_TOOLTIP_EQ": "Возвращает значение истина, если вставки равны.",
    "LOGIC_COMPARE_TOOLTIP_NEQ": "Возвращает значение истина, если вставки не равны.",
    "LOGIC_COMPARE_TOOLTIP_LT": "Возвращает значение истина, если первая вставка меньше второй.",
    "LOGIC_COMPARE_TOOLTIP_LTE": "Возвращает значение истина, если первая вставка меньше или равна  второй.",
    "LOGIC_COMPARE_TOOLTIP_GT": "Возвращает значение истина, если первая вставка больше второй.",
    "LOGIC_COMPARE_TOOLTIP_GTE": "Возвращает значение истина, если первая вставка больше или равна  второй.",
    "LOGIC_OPERATION_TOOLTIP_AND": "Возвращает значение истина, если обе вставки истинны.",
    "LOGIC_OPERATION_AND": "и",
    "LOGIC_OPERATION_TOOLTIP_OR": "Возвращает значение истина, если хотя бы одна из вставок истинна.",
    "LOGIC_OPERATION_OR": "или",
    "LOGIC_NEGATE_TITLE": "не %1",
    "LOGIC_NEGATE_TOOLTIP": "Возвращает значение истина, если вставка ложна.  Возвращает значение ложь, если вставка истинна.",
    "LOGIC_BOOLEAN_TRUE": "истина",
    "LOGIC_BOOLEAN_FALSE": "ложь",
    "LOGIC_BOOLEAN_TOOLTIP": "Возвращает значение истина или ложь.",
    "LOGIC_NULL_HELPURL": "https://en.wikipedia.org/wiki/Nullable_type",
    "LOGIC_NULL": "ничто",
    "LOGIC_NULL_TOOLTIP": "Возвращает ничто.",
    "LOGIC_TERNARY_HELPURL": "https://ru.wikipedia.org/wiki/Тернарная_условная_операция",
    "LOGIC_TERNARY_CONDITION": "выбрать по",
    "LOGIC_TERNARY_IF_TRUE": "если истина",
    "LOGIC_TERNARY_IF_FALSE": "если ложь",
    "LOGIC_TERNARY_TOOLTIP": "Проверяет условие выбора. Если условие истинно, возвращает первое значение, в противном случае возвращает второе значение.",
    "MATH_NUMBER_HELPURL": "https://ru.wikipedia.org/wiki/Число",
    "MATH_NUMBER_TOOLTIP": "Число.",
    "MATH_ARITHMETIC_HELPURL": "https://ru.wikipedia.org/wiki/Арифметика",
    "MATH_ARITHMETIC_TOOLTIP_ADD": "Возвращает сумму двух чисел.",
    "MATH_ARITHMETIC_TOOLTIP_MINUS": "Возвращает разность двух чисел.",
    "MATH_ARITHMETIC_TOOLTIP_MULTIPLY": "Возвращает произведение двух чисел.",
    "MATH_ARITHMETIC_TOOLTIP_DIVIDE": "Возвращает частное от деления первого числа на второе.",
    "MATH_ARITHMETIC_TOOLTIP_POWER": "Возвращает первое число, возведённое в степень второго числа.",
    "MATH_SINGLE_HELPURL": "https://ru.wikipedia.org/wiki/Квадратный_корень",
    "MATH_SINGLE_OP_ROOT": "квадратный корень",
    "MATH_SINGLE_TOOLTIP_ROOT": "Возвращает квадратный корень числа.",
    "MATH_SINGLE_OP_ABSOLUTE": "модуль",
    "MATH_SINGLE_TOOLTIP_ABS": "Возвращает модуль числа",
    "MATH_SINGLE_TOOLTIP_NEG": "Возвращает противоположное число.",
    "MATH_SINGLE_TOOLTIP_LN": "Возвращает натуральный логарифм числа.",
    "MATH_SINGLE_TOOLTIP_LOG10": "Возвращает десятичный логарифм числа.",
    "MATH_SINGLE_TOOLTIP_EXP": "Возвращает е в указанной степени.",
    "MATH_SINGLE_TOOLTIP_POW10": "Возвращает 10 в указанной степени.",
    "MATH_TRIG_HELPURL": "https://ru.wikipedia.org/wiki/Тригонометрические_функции",
    "MATH_TRIG_TOOLTIP_SIN": "Возвращает синус угла в градусах.",
    "MATH_TRIG_TOOLTIP_COS": "Возвращает косинус угла в градусах.",
    "MATH_TRIG_TOOLTIP_TAN": "Возвращает тангенс угла в градусах.",
    "MATH_TRIG_TOOLTIP_ASIN": "Возвращает арксинус (в градусах).",
    "MATH_TRIG_TOOLTIP_ACOS": "Возвращает арккосинус (в градусах).",
    "MATH_TRIG_TOOLTIP_ATAN": "Возвращает арктангенс (в градусах)",
    "MATH_CONSTANT_HELPURL": "https://ru.wikipedia.org/wiki/Математическая_константа",
    "MATH_CONSTANT_TOOLTIP": "Возвращает одну из распространённых  констант: π (3.141...), e (2.718...), φ (1.618...), sqrt(2) (1.414...), sqrt(½) (0.707...) или ∞ (бесконечность).",
    "MATH_IS_EVEN": "чётное",
    "MATH_IS_ODD": "нечётное",
    "MATH_IS_PRIME": "простое",
    "MATH_IS_WHOLE": "целое",
    "MATH_IS_POSITIVE": "положительное",
    "MATH_IS_NEGATIVE": "отрицательное",
    "MATH_IS_DIVISIBLE_BY": "делится на",
    "MATH_IS_TOOLTIP": "Проверяет, является ли число чётным, нечётным, простым, целым, положительным, отрицательным или оно кратно определённому числу.  Возвращает значение истина или ложь.",
    "MATH_CHANGE_HELPURL": "https://ru.wikipedia.org/wiki/%D0%98%D0%B4%D0%B8%D0%BE%D0%BC%D0%B0_%28%D0%BF%D1%80%D0%BE%D0%B3%D1%80%D0%B0%D0%BC%D0%BC%D0%B8%D1%80%D0%BE%D0%B2%D0%B0%D0%BD%D0%B8%D0%B5%29#.D0.98.D0.BD.D0.BA.D1.80.D0.B5.D0.BC.D0.B5.D0.BD.D1.82",
    "MATH_CHANGE_TITLE_CHANGE": "увеличить",
    "MATH_CHANGE_INPUT_BY": "на",
    "MATH_CHANGE_TOOLTIP": "Добавляет число к переменной '%1'.",
    "MATH_ROUND_HELPURL": "https://ru.wikipedia.org/wiki/Округление",
    "MATH_ROUND_TOOLTIP": "Округляет число до большего или меньшего.",
    "MATH_ROUND_OPERATOR_ROUND": "округлить",
    "MATH_ROUND_OPERATOR_ROUNDUP": "округлить к большему",
    "MATH_ROUND_OPERATOR_ROUNDDOWN": "округлить к меньшему",
    "MATH_ONLIST_OPERATOR_SUM": "сумма списка",
    "MATH_ONLIST_TOOLTIP_SUM": "Возвращает сумму всех чисел в списке.",
    "MATH_ONLIST_OPERATOR_MIN": "наименьшее в списке",
    "MATH_ONLIST_TOOLTIP_MIN": "Возвращает наименьшее число списка.",
    "MATH_ONLIST_OPERATOR_MAX": "наибольшее в списке",
    "MATH_ONLIST_TOOLTIP_MAX": "Возвращает наибольшее число списка.",
    "MATH_ONLIST_OPERATOR_AVERAGE": "среднее арифметическое списка",
    "MATH_ONLIST_TOOLTIP_AVERAGE": "Возвращает среднее арифметическое списка.",
    "MATH_ONLIST_OPERATOR_MEDIAN": "медиана списка",
    "MATH_ONLIST_TOOLTIP_MEDIAN": "Возвращает медиану списка.",
    "MATH_ONLIST_OPERATOR_MODE": "моды списка",
    "MATH_ONLIST_TOOLTIP_MODE": "Возвращает список наиболее часто встречающихся элементов списка.",
    "MATH_ONLIST_OPERATOR_STD_DEV": "стандартное отклонение списка",
    "MATH_ONLIST_TOOLTIP_STD_DEV": "Возвращает стандартное отклонение списка.",
    "MATH_ONLIST_OPERATOR_RANDOM": "случайный элемент списка",
    "MATH_ONLIST_TOOLTIP_RANDOM": "Возвращает случайный элемент списка.",
    "MATH_MODULO_HELPURL": "https://ru.wikipedia.org/wiki/Деление_с_остатком",
    "MATH_MODULO_TITLE": "остаток от %1 : %2",
    "MATH_MODULO_TOOLTIP": "Возвращает остаток от деления двух чисел.",
    "MATH_CONSTRAIN_TITLE": "ограничить %1 снизу %2 сверху %3",
    "MATH_CONSTRAIN_TOOLTIP": "Ограничивает число нижней и верхней границами (включительно).",
    "MATH_RANDOM_INT_HELPURL": "https://ru.wikipedia.org/wiki/Генератор_псевдослучайных_чисел",
    "MATH_RANDOM_INT_TITLE": "случайное целое число от %1 для %2",
    "MATH_RANDOM_INT_TOOLTIP": "Возвращает случайное число между двумя заданными пределами (включая и их).",
    "MATH_RANDOM_FLOAT_HELPURL": "https://ru.wikipedia.org/wiki/Генератор_псевдослучайных_чисел",
    "MATH_RANDOM_FLOAT_TITLE_RANDOM": "случайное число от 0 (включительно) до 1",
    "MATH_RANDOM_FLOAT_TOOLTIP": "Возвращает случайное число от 0.0 (включительно) до 1.0.",
    "TEXT_TEXT_HELPURL": "https://ru.wikipedia.org/wiki/Строковый_тип",
    "TEXT_TEXT_TOOLTIP": "Буква, слово или строка текста.",
    "TEXT_JOIN_TITLE_CREATEWITH": "создать текст из",
    "TEXT_JOIN_TOOLTIP": "Создаёт фрагмент текста, объединяя любое число элементов",
    "TEXT_CREATE_JOIN_TITLE_JOIN": "соединить",
    "TEXT_CREATE_JOIN_TOOLTIP": "Добавьте, удалите, переставьте фрагменты для переделки текстового блока.",
    "TEXT_CREATE_JOIN_ITEM_TOOLTIP": "Добавить элемент к тексту.",
    "TEXT_APPEND_TO": "к",
    "TEXT_APPEND_APPENDTEXT": "добавить текст",
    "TEXT_APPEND_TOOLTIP": "Добавить текст к переменной «%1».",
    "TEXT_LENGTH_TITLE": "длина %1",
    "TEXT_LENGTH_TOOLTIP": "Возвращает число символов (включая пробелы) в заданном тексте.",
    "TEXT_ISEMPTY_TITLE": "%1 пуст",
    "TEXT_ISEMPTY_TOOLTIP": "Возвращает значение истина, если предоставленный текст пуст.",
    "TEXT_INDEXOF_TOOLTIP": "Возвращает номер позиции первого/последнего вхождения первого текста во  втором.  Возвращает 0, если текст не найден.",
    "TEXT_INDEXOF_INPUT_INTEXT": "в тексте",
    "TEXT_INDEXOF_OPERATOR_FIRST": "найти первое вхождение текста",
    "TEXT_INDEXOF_OPERATOR_LAST": "найти последнее вхождение текста",
    "TEXT_CHARAT_INPUT_INTEXT": "в тексте",
    "TEXT_CHARAT_FROM_START": "взять букву №",
    "TEXT_CHARAT_FROM_END": "взять букву № с конца",
    "TEXT_CHARAT_FIRST": "взять первую букву",
    "TEXT_CHARAT_LAST": "взять последнюю букву",
    "TEXT_CHARAT_RANDOM": "взять случайную букву",
    "TEXT_CHARAT_TOOLTIP": "Возвращает букву в указанной позиции.",
    "TEXT_GET_SUBSTRING_TOOLTIP": "Возвращает указанную часть текста.",
    "TEXT_GET_SUBSTRING_INPUT_IN_TEXT": "в тексте",
    "TEXT_GET_SUBSTRING_START_FROM_START": "взять подстроку с буквы №",
    "TEXT_GET_SUBSTRING_START_FROM_END": "взять подстроку с буквы № с конца",
    "TEXT_GET_SUBSTRING_START_FIRST": "взять подстроку с первой буквы",
    "TEXT_GET_SUBSTRING_END_FROM_START": "по букву №",
    "TEXT_GET_SUBSTRING_END_FROM_END": "по букву № с конца",
    "TEXT_GET_SUBSTRING_END_LAST": "по последнюю букву",
    "TEXT_CHANGECASE_TOOLTIP": "Возвращает копию текста с ЗАГЛАВНЫМИ или строчными буквами.",
    "TEXT_CHANGECASE_OPERATOR_UPPERCASE": "в ЗАГЛАВНЫЕ БУКВЫ",
    "TEXT_CHANGECASE_OPERATOR_LOWERCASE": "в строчные буквы",
    "TEXT_CHANGECASE_OPERATOR_TITLECASE": "в Заглавные Начальные Буквы",
    "TEXT_TRIM_TOOLTIP": "Возвращает копию текста с пробелами, удалеными с одного или обоих концов.",
    "TEXT_TRIM_OPERATOR_BOTH": "обрезать пробелы с двух сторон",
    "TEXT_TRIM_OPERATOR_LEFT": "обрезать пробелы слева",
    "TEXT_TRIM_OPERATOR_RIGHT": "обрезать пробелы справа",
    "TEXT_PRINT_TITLE": "напечатать %1",
    "TEXT_PRINT_TOOLTIP": "Печатает текст, число или другой объект.",
    "TEXT_PROMPT_TYPE_TEXT": "запросить текст с подсказкой",
    "TEXT_PROMPT_TYPE_NUMBER": "запросить число с подсказкой",
    "TEXT_PROMPT_TOOLTIP_NUMBER": "Запросить у пользователя число.",
    "TEXT_PROMPT_TOOLTIP_TEXT": "Запросить у пользователя текст.",
    "LISTS_CREATE_EMPTY_TITLE": "создать пустой список",
    "LISTS_CREATE_EMPTY_TOOLTIP": "Возвращает список длины 0, не содержащий данных",
    "LISTS_CREATE_WITH_TOOLTIP": "Создаёт список с любым числом элементов.",
    "LISTS_CREATE_WITH_INPUT_WITH": "создать список из",
    "LISTS_CREATE_WITH_CONTAINER_TITLE_ADD": "список",
    "LISTS_CREATE_WITH_CONTAINER_TOOLTIP": "Добавьте, удалите, переставьте элементы для переделки блока списка.",
    "LISTS_CREATE_WITH_ITEM_TOOLTIP": "Добавляет элемент к списку.",
    "LISTS_REPEAT_TOOLTIP": "Создаёт список, состоящий из заданного числа копий элемента.",
    "LISTS_REPEAT_TITLE": "создать список из элемента %1, повторяющегося %2 раз",
    "LISTS_LENGTH_TITLE": "длина %1",
    "LISTS_LENGTH_TOOLTIP": "Возвращает длину списка.",
    "LISTS_IS_EMPTY_TITLE": "%1 пуст",
    "LISTS_TOOLTIP": "Возвращает значение истина, если список пуст.",
    "LISTS_INLIST": "в списке",
    "LISTS_INDEX_OF_FIRST": "найти первое вхождение элемента",
    "LISTS_INDEX_OF_LAST": "найти последнее вхождение элемента",
    "LISTS_INDEX_OF_TOOLTIP": "Возвращает номер позиции первого/последнего вхождения элемента в списке.  Возвращает 0, если текст не найден.",
    "LISTS_GET_INDEX_GET": "взять",
    "LISTS_GET_INDEX_GET_REMOVE": "взять и удалить",
    "LISTS_GET_INDEX_REMOVE": "удалить",
    "LISTS_GET_INDEX_FROM_END": "№ с конца",
    "LISTS_GET_INDEX_FIRST": "первый",
    "LISTS_GET_INDEX_LAST": "последний",
    "LISTS_GET_INDEX_RANDOM": "произвольный",
    "LISTS_GET_INDEX_TOOLTIP_GET_FROM_START": "Возвращает элемент в указанной позиции списка (№1 - первый элемент).",
    "LISTS_GET_INDEX_TOOLTIP_GET_FROM_END": "Возвращает элемент в указанной позиции списка (№1 - последний элемент).",
    "LISTS_GET_INDEX_TOOLTIP_GET_FIRST": "Возвращает первый элемент списка.",
    "LISTS_GET_INDEX_TOOLTIP_GET_LAST": "Возвращает последний элемент списка.",
    "LISTS_GET_INDEX_TOOLTIP_GET_RANDOM": "Возвращает случайный элемент списка.",
    "LISTS_GET_INDEX_TOOLTIP_GET_REMOVE_FROM_START": "Удаляет и возвращает элемент в указанной позиции списка (№1 - первый элемент).",
    "LISTS_GET_INDEX_TOOLTIP_GET_REMOVE_FROM_END": "Удаляет и возвращает элемент в указанной позиции списка (№1 -  последний элемент).",
    "LISTS_GET_INDEX_TOOLTIP_GET_REMOVE_FIRST": "Удаляет и возвращает первый элемент списка.",
    "LISTS_GET_INDEX_TOOLTIP_GET_REMOVE_LAST": "Удаляет и возвращает последний элемент списка.",
    "LISTS_GET_INDEX_TOOLTIP_GET_REMOVE_RANDOM": "Удаляет и возвращает случайный элемент списка.",
    "LISTS_GET_INDEX_TOOLTIP_REMOVE_FROM_START": "Удаляет элемент в указанной позиции списка (№1 - первый элемент).",
    "LISTS_GET_INDEX_TOOLTIP_REMOVE_FROM_END": "Удаляет элемент в указанной позиции списка (№1 - последний элемент).",
    "LISTS_GET_INDEX_TOOLTIP_REMOVE_FIRST": "Удаляет первый элемент списка.",
    "LISTS_GET_INDEX_TOOLTIP_REMOVE_LAST": "Удаляет последний элемент списка.",
    "LISTS_GET_INDEX_TOOLTIP_REMOVE_RANDOM": "Удаляет случайный элемент списка.",
    "LISTS_SET_INDEX_SET": "присвоить",
    "LISTS_SET_INDEX_INSERT": "вставить в",
    "LISTS_SET_INDEX_INPUT_TO": "=",
    "LISTS_SET_INDEX_TOOLTIP_SET_FROM_START": "Присваивает значение элементу в указанной позиции списка (№1 - первый элемент).",
    "LISTS_SET_INDEX_TOOLTIP_SET_FROM_END": "Присваивает значение элементу в указанной позиции списка (№1 - последний элемент).",
    "LISTS_SET_INDEX_TOOLTIP_SET_FIRST": "Присваивает значение первому элементу списка.",
    "LISTS_SET_INDEX_TOOLTIP_SET_LAST": "Присваивает значение последнему элементу списка.",
    "LISTS_SET_INDEX_TOOLTIP_SET_RANDOM": "Присваивает значение случайному элементу списка.",
    "LISTS_SET_INDEX_TOOLTIP_INSERT_FROM_START": "Вставляет элемент в указанной позиции списка (№1 - первый элемент).",
    "LISTS_SET_INDEX_TOOLTIP_INSERT_FROM_END": "Вставляет элемент в указанной позиции списка (№1 - последний элемент).",
    "LISTS_SET_INDEX_TOOLTIP_INSERT_FIRST": "Вставляет элемент в начало списка.",
    "LISTS_SET_INDEX_TOOLTIP_INSERT_LAST": "Добавляет элемент в конец списка.",
    "LISTS_SET_INDEX_TOOLTIP_INSERT_RANDOM": "Вставляет элемент в случайное место в списке.",
    "LISTS_GET_SUBLIST_START_FROM_START": "взять подсписок с №",
    "LISTS_GET_SUBLIST_START_FROM_END": "взять подсписок с № с конца",
    "LISTS_GET_SUBLIST_START_FIRST": "взять подсписок с первого",
    "LISTS_GET_SUBLIST_END_FROM_START": "по №",
    "LISTS_GET_SUBLIST_END_FROM_END": "по № с конца",
    "LISTS_GET_SUBLIST_END_LAST": "по последний",
    "LISTS_GET_SUBLIST_TOOLTIP": "Создаёт копию указанной части списка.",
    "VARIABLES_GET_TOOLTIP": "Возвращает значение этой переменной.",
    "VARIABLES_GET_CREATE_SET": "Создать блок \"присвоить\" для %1",
    "VARIABLES_SET_TITLE": "присвоить",
    "VARIABLES_SET_TAIL": "=",
    "VARIABLES_SET_TOOLTIP": "Присваивает переменной значение вставки.",
    "VARIABLES_SET_CREATE_GET": "Создать вставку %1",
    "PROCEDURES_DEFNORETURN_TITLE": "чтобы",
    "PROCEDURES_DEFNORETURN_PROCEDURE": "выполнить что-то",
    "PROCEDURES_BEFORE_PARAMS": "с:",
    "PROCEDURES_DEFNORETURN_TOOLTIP": "Создаёт процедуру, не возвращающую значение.",
    "PROCEDURES_DEFRETURN_RETURN": "вернуть",
    "PROCEDURES_DEFRETURN_TOOLTIP": "Создаёт процедуру, возвращающую значение.",
    "PROCEDURES_DEF_DUPLICATE_WARNING": "Предупреждение: эта функция имеет повторяющиеся параметры.",
    "PROCEDURES_CALLNORETURN_HELPURL": "https://ru.wikipedia.org/wiki/Функция_%28программирование%29",
    "PROCEDURES_CALLNORETURN_TOOLTIP": "Исполняет определённую пользователем процедуру '%1'.",
    "PROCEDURES_CALLRETURN_HELPURL": "https://ru.wikipedia.org/wiki/Функция_%28программирование%29",
    "PROCEDURES_CALLRETURN_TOOLTIP": "Исполняет определённую пользователем процедуру '%1' и возвращает вычисленное  значение.",
    "PROCEDURES_MUTATORCONTAINER_TITLE": "параметры",
    "PROCEDURES_MUTATORCONTAINER_TOOLTIP": "Добавить, удалить или изменить порядок входных параметров для этой функции.",
    "PROCEDURES_MUTATORARG_TITLE": "имя параметра:",
    "PROCEDURES_MUTATORARG_TOOLTIP": "Добавить входные параметры в функцию.",
    "PROCEDURES_HIGHLIGHT_DEF": "Выделить определение процедуры",
    "PROCEDURES_CREATE_DO": "Создать вызов '%1'",
    "PROCEDURES_IFRETURN_TOOLTIP": "Если первое значение истинно, возвращает второе значение.",
    "PROCEDURES_IFRETURN_WARNING": "Предупреждение: Этот блок может использоваться только внутри определения функции."
}
