<!-- Binding configuration for the Heatmiser binding in openHAB -->
<binding>
    <!-- Full name presented to the user -->
    <name>Heatmiser network thermostats</name>
    <!-- PID name used within the OSGi layer -->
    <pid>heatmiser</pid>
    <!-- Binding type: protocol, ui -->
    <type>protocol</type>
    <!-- Author -->
    <author>Chris Jackson</author>
    <!-- Current version of the binding to which the file is applicable -->
    <version>1.3.0</version>
    <!-- Minimum version of openHAB required to run this binding -->
    <oh_version>1.3.0</oh_version>

    <!-- Binding configuration settings -->
    <binding.config>
        <config.setting>
            <name>refresh</name>
            <label>Refresh Time</label>
            <description>Set the refresh time in milliseconds.</description>
            <optional>true</optional>
            <defaultvalue>5000</defaultvalue>
            <minimum>250</minimum>
            <maximum>20000</maximum>
            <values></values>
        </config.setting>
    </binding.config>

    <!-- The following lines specify the communications interface settings. These may be repeated multiple times -->
    <binding.interface>
        <interface.setting>
            <name>host</name>
            <label>IP Address</label>
            <description>Set the IP address of the interface.</description>
            <optional>false</optional>
            <defaultvalue></defaultvalue>
            <minimum></minimum>
            <maximum></maximum>
            <values></values>
        </interface.setting>
        <interface.setting>
            <name>port</name>
            <label>IP Port</label>
            <description>Set the IP Port number of the interface.</description>
            <optional>true</optional>
            <defaultvalue>1024</defaultvalue>
            <minimum>1</minimum>
            <maximum>65535</maximum>
            <values></values>
        </interface.setting>
    </binding.interface>

    <!-- Item binding configuration -->
    <binding.items>
        <binding.io>
            <type>Input</type>
            <description></description>
            <parameters>
                <parameter>
                    <name>interface</name>
                    <label>Communications Interface</label>
                    <description>Set the symbolic name of the communication interface.</description>
                    <optional>false</optional>
                    <defaultvalue></defaultvalue>
                    <minimum></minimum>
                    <maximum></maximum>
                    <values></values>
                </parameter>
            </parameters>
        </binding.io>
    </binding.items>
</binding>
