<!-- Binding configuration for the MiLight binding in openHAB -->
<binding>
	<!-- Full name presented to the user -->
	<name>MiLight WiFi light Binding</name>
	<!-- PID name used within the OSGi layer -->
	<pid>milight</pid>
	<!-- Binding type: protocol, ui -->
	<type>protocol</type>
	<!-- Author -->
	<author>Hans-Joerg Merk</author>
	<!-- Current version of the binding to which the file is applicable -->
	<version>1.3.0</version>
	<!-- Minimum version of openHAB required to run this binding -->
	<oh_version>1.3.0</oh_version>

    <!-- Binding configuration settings -->
    <binding.config>
    </binding.config>

    <!-- The following lines specify the communications interface settings. These may be repeated multiple times -->
    <binding.interface>
        <interface.setting>
            <name>host</name>
            <label>IP Address</label>
            <description>Set the IP address of the interface.</description>
            <optional>false</optional>
            <defaultvalue></defaultvalue>
            <minimum></minimum>
            <maximum></maximum>
            <values></values>
        </interface.setting>
        <interface.setting>
            <name>port</name>
            <label>IP Port</label>
            <description>Set the IP Port number of the interface.</description>
            <optional>true</optional>
            <defaultvalue>50000</defaultvalue>
            <minimum>1</minimum>
            <maximum>65535</maximum>
            <values></values>
        </interface.setting>
    </binding.interface>

    <!-- Item binding configuration -->
    <binding.items>
        <binding.io>
        </binding.io>
    </binding.items>
</binding>





