<!-- Binding configuration for the EDS One Wire Server binding in openHAB -->
<binding>
	<!-- Full name presented to the user -->
	<name>SNMP - Simple Network Management Protocol</name>
	<!-- PID name used within the OSGi layer -->
	<pid>snmp</pid>
	<!-- Binding type: protocol, ui -->
	<type>protocol</type>
	<!-- Author -->
	<author>Chris Jackson</author>
	<!-- Current version of the binding to which the file is applicable -->
	<version>1.3.0</version>
	<!-- Minimum version of openHAB required to run this binding -->
	<oh_version>1.3.0</oh_version>

    <!-- Binding configuration settings -->
    <binding.config>
        <config.setting>
            <name>port</name>
            <label>IP Port</label>
            <description>Sets the IP port number on which the binding will listen.</description>
            <optional>true</optional>
            <defaultvalue>162</defaultvalue>
            <minimum>1</minimum>
            <maximum>65535</maximum>
            <values></values>
        </config.setting>
        <config.setting>
            <name>community</name>
            <label>SNMP Community</label>
            <description>Sets the SNMP community to listen to for TRAPs.</description>
            <optional>true</optional>
            <defaultvalue>public</defaultvalue>
            <minimum></minimum>
            <maximum></maximum>
            <values></values>
        </config.setting>
        <config.setting>
            <name>timeout</name>
            <label>Request timeout</label>
            <description>Sets the maximum timeout (in milliseconds) that the binding will wait for a response before
                sending a retry (if retries are enabled).
            </description>
            <optional>true</optional>
            <defaultvalue>1500</defaultvalue>
            <minimum>100</minimum>
            <maximum>5000</maximum>
            <values></values>
        </config.setting>
        <config.setting>
            <name>retries</name>
            <label>Request Retries</label>
            <description>Sets the maximum number of retries the binding will send before aborting the request. Set to 0
                to disable retries.
            </description>
            <optional>true</optional>
            <defaultvalue>0</defaultvalue>
            <minimum>0</minimum>
            <maximum>5</maximum>
            <values></values>
        </config.setting>
    </binding.config>

    <!-- Item binding configuration -->
    <binding.items>
        <binding.io>
            <type>Input (GET)</type>
            <description></description>
            <parameters>
                <parameter>
                    <name>address</name>
                    <label>IP Address</label>
                    <description>Sets the IP address of the SNMP device.</description>
                    <optional>false</optional>
                    <defaultvalue></defaultvalue>
                    <minimum></minimum>
                    <maximum></maximum>
                    <values></values>
                </parameter>
                <parameter>
                    <name>community</name>
                    <label>SNMP Community</label>
                    <description>Sets the SNMP community for the GET request.</description>
                    <optional>false</optional>
                    <defaultvalue></defaultvalue>
                    <minimum></minimum>
                    <maximum></maximum>
                    <values></values>
                </parameter>
                <parameter>
                    <name>oid</name>
                    <label>Object ID</label>
                    <description>Sets the Object ID for the SNMP GET.</description>
                    <optional>false</optional>
                    <defaultvalue></defaultvalue>
                    <minimum></minimum>
                    <maximum></maximum>
                    <values></values>
                </parameter>
                <parameter>
                    <name>period</name>
                    <label>Polling period</label>
                    <description>Sets polling period (in milliseconds between each request.</description>
                    <optional>false</optional>
                    <defaultvalue>5000</defaultvalue>
                    <minimum></minimum>
                    <maximum></maximum>
                    <values></values>
                </parameter>
            </parameters>
        </binding.io>
        <binding.io>
            <type>Input (TRAP)</type>
            <description></description>
            <parameters>
                <parameter>
                    <name>address</name>
                    <label>IP Address</label>
                    <description>Sets the IP address of the SNMP device.</description>
                    <optional>false</optional>
                    <defaultvalue></defaultvalue>
                    <minimum></minimum>
                    <maximum></maximum>
                    <values></values>
                </parameter>
                <parameter>
                    <name>community</name>
                    <label>SNMP Community</label>
                    <description>Sets the SNMP community for the GET request.</description>
                    <optional>false</optional>
                    <defaultvalue></defaultvalue>
                    <minimum></minimum>
                    <maximum></maximum>
                    <values></values>
                </parameter>
                <parameter>
                    <name>oid</name>
                    <label>Object ID</label>
                    <description>Sets the Object ID for the SNMP GET.</description>
                    <optional>false</optional>
                    <defaultvalue></defaultvalue>
                    <minimum></minimum>
                    <maximum></maximum>
                    <values></values>
                </parameter>
            </parameters>
        </binding.io>
        <binding.io>
            <type>Output (SET)</type>
            <description></description>
            <parameters>
                <parameter>
                    <name>command</name>
                    <label>Command String</label>
                    <description>Sets the command string that will appear in the openHAB GUI.</description>
                    <optional>false</optional>
                    <defaultvalue></defaultvalue>
                    <minimum></minimum>
                    <maximum></maximum>
                    <values></values>
                </parameter>
                <parameter>
                    <name>address</name>
                    <label>IP Address</label>
                    <description>Sets the IP address of the SNMP device.</description>
                    <optional>false</optional>
                    <defaultvalue></defaultvalue>
                    <minimum></minimum>
                    <maximum></maximum>
                    <values></values>
                </parameter>
                <parameter>
                    <name>community</name>
                    <label>SNMP Community</label>
                    <description>Sets the SNMP community for the SET request.</description>
                    <optional>false</optional>
                    <defaultvalue></defaultvalue>
                    <minimum></minimum>
                    <maximum></maximum>
                    <values></values>
                </parameter>
                <parameter>
                    <name>oid</name>
                    <label>Object ID</label>
                    <description>Sets the Object ID for the SNMP SET.</description>
                    <optional>false</optional>
                    <defaultvalue></defaultvalue>
                    <minimum></minimum>
                    <maximum></maximum>
                    <values></values>
                </parameter>
                <parameter>
                    <name>value</name>
                    <label>Value</label>
                    <description>Sets the command value for the SNMP SET.</description>
                    <optional>false</optional>
                    <defaultvalue></defaultvalue>
                    <minimum></minimum>
                    <maximum></maximum>
                    <values></values>
                </parameter>
            </parameters>
        </binding.io>
    </binding.items>
</binding>





