<!-- Binding configuration for the TCP binding in openHAB -->
<binding>
	<!-- Full name presented to the user -->
	<name>TCP - TCP Protocol Binding</name>
	<!-- PID name used within the OSGi layer -->
	<pid>tcp</pid>
	<!-- Binding type: protocol, ui -->
	<type>protocol</type>
	<!-- Author -->
	<author>Karel Goderis</author>
	<!-- Current version of the binding to which the file is applicable -->
	<version>1.3.0</version>
	<!-- Minimum version of openHAB required to run this binding -->
	<oh_version>1.3.0</oh_version>

    <!-- Binding configuration settings -->
    <binding.config>
        <config.setting>
            <name>buffersize</name>
            <label>Buffer Size</label>
            <description>Max size of buffer for incoming data (default 1024).</description>
            <optional>true</optional>
            <defaultvalue>1024</defaultvalue>
            <minimum>100</minimum>
            <maximum>4096</maximum>
            <values></values>
        </config.setting>
        <config.setting>
            <name>retryinterval</name>
            <label>Retry Interval</label>
            <description>Interval between connection attemps if problem with a connection, in seconds (default 5).</description>
            <optional>true</optional>
            <defaultvalue>5</defaultvalue>
            <minimum>1</minimum>
            <maximum>6000</maximum>
            <values></values>
        </config.setting>
        <config.setting>
            <name>listenerport</name>
            <label>Listener Port</label>
            <description>Port number to listen for incoming connections</description>
            <optional>true</optional>
            <defaultvalue>25001</defaultvalue>
            <minimum>1024</minimum>
            <maximum>65535</maximum>
            <values></values>
        </config.setting>
        <config.setting>
            <name>timeout</name>
            <label>Timeout</label>
            <description>Time to wait for a response when doing a blocking write /read operation with a remote device, in milliseconds</description>
            <optional>true</optional>
            <defaultvalue>3000</defaultvalue>
            <minimum>0</minimum>
            <maximum>5000</maximum>
            <values></values>
        </config.setting>
        <config.setting>
            <name>blocking</name>
            <label>Blocking Calls</label>
            <description>Time to wait for a response when doing a blocking write /read operation with a remote device, in milliseconds</description>
            <optional>true</optional>
            <defaultvalue>true</defaultvalue>
            <minimum></minimum>
            <maximum></maximum>
            <values></values>
        </config.setting>
        <config.setting>
            <name>directionssharedconnections</name>
            <label>Share connections</label>
            <description>Share connections between directions</description>
            <optional>true</optional>
            <defaultvalue>false</defaultvalue>
            <minimum></minimum>
            <maximum></maximum>
            <values></values>
        </config.setting>
    </binding.config>

    <!-- Item binding configuration -->
    <binding.items>
        <binding.io>
        </binding.io>
    </binding.items>
</binding>





